{
    "emotion": {
        "proud_precision": 0.23411371237458195,
        "proud_recall": 0.3626943005181347,
        "proud_f1": 0.2845528455284553,
        "apprehensive_precision": 0.061068702290076333,
        "apprehensive_recall": 0.08888888888888889,
        "apprehensive_f1": 0.07239819004524888,
        "disappointed_precision": 0.15178571428571427,
        "disappointed_recall": 0.14655172413793102,
        "disappointed_f1": 0.14912280701754385,
        "faithful_precision": 0.20967741935483872,
        "faithful_recall": 0.11926605504587157,
        "faithful_f1": 0.15204678362573099,
        "impressed_precision": 0.21341463414634146,
        "impressed_recall": 0.22435897435897437,
        "impressed_f1": 0.21875,
        "devastated_precision": 0.12334801762114538,
        "devastated_recall": 0.224,
        "devastated_f1": 0.1590909090909091,
        "prepared_precision": 0.2236842105263158,
        "prepared_recall": 0.16346153846153846,
        "prepared_f1": 0.18888888888888888,
        "nostalgic_precision": 0.3393939393939394,
        "nostalgic_recall": 0.3181818181818182,
        "nostalgic_f1": 0.3284457478005865,
        "annoyed_precision": 0.18181818181818182,
        "annoyed_recall": 0.21904761904761905,
        "annoyed_f1": 0.19870410367170627,
        "grateful_precision": 0.1975806451612903,
        "grateful_recall": 0.24019607843137256,
        "grateful_f1": 0.2168141592920354,
        "joyful_precision": 0.1111111111111111,
        "joyful_recall": 0.10071942446043165,
        "joyful_f1": 0.10566037735849057,
        "terrified_precision": 0.31343283582089554,
        "terrified_recall": 0.38181818181818183,
        "terrified_f1": 0.3442622950819672,
        "caring_precision": 0.14782608695652175,
        "caring_recall": 0.23943661971830985,
        "caring_f1": 0.1827956989247312,
        "trusting_precision": 0.2198952879581152,
        "trusting_recall": 0.15555555555555556,
        "trusting_f1": 0.1822125813449024,
        "sad_precision": 0.16458852867830423,
        "sad_recall": 0.2548262548262548,
        "sad_f1": 0.2,
        "guilty_precision": 0.15151515151515152,
        "guilty_recall": 0.136986301369863,
        "guilty_f1": 0.14388489208633093,
        "sentimental_precision": 0.19607843137254902,
        "sentimental_recall": 0.22556390977443608,
        "sentimental_f1": 0.2097902097902098,
        "hopeful_precision": 0.1814516129032258,
        "hopeful_recall": 0.15734265734265734,
        "hopeful_f1": 0.16853932584269662,
        "confident_precision": 0.22033898305084745,
        "confident_recall": 0.15757575757575756,
        "confident_f1": 0.18374558303886926,
        "surprised_precision": 0.2265625,
        "surprised_recall": 0.16022099447513813,
        "surprised_f1": 0.18770226537216828,
        "furious_precision": 0.13636363636363635,
        "furious_recall": 0.046153846153846156,
        "furious_f1": 0.06896551724137931,
        "afraid_precision": 0.16161616161616163,
        "afraid_recall": 0.12307692307692308,
        "afraid_f1": 0.13973799126637554,
        "jealous_precision": 0.34615384615384615,
        "jealous_recall": 0.14361702127659576,
        "jealous_f1": 0.20300751879699247,
        "excited_precision": 0.2966507177033493,
        "excited_recall": 0.2605042016806723,
        "excited_f1": 0.27740492170022374,
        "lonely_precision": 0.2196969696969697,
        "lonely_recall": 0.20567375886524822,
        "lonely_f1": 0.21245421245421245,
        "disgusted_precision": 0.3835616438356164,
        "disgusted_recall": 0.1686746987951807,
        "disgusted_f1": 0.23430962343096234,
        "embarrassed_precision": 0.3023255813953488,
        "embarrassed_recall": 0.38235294117647056,
        "embarrassed_f1": 0.33766233766233766,
        "angry_precision": 0.1,
        "angry_recall": 0.05172413793103448,
        "angry_f1": 0.06818181818181818,
        "content_precision": 0.1991869918699187,
        "content_recall": 0.24873096446700507,
        "content_f1": 0.22121896162528218,
        "ashamed_precision": 0.058823529411764705,
        "ashamed_recall": 0.046511627906976744,
        "ashamed_f1": 0.05194805194805195,
        "anticipating_precision": 0.14754098360655737,
        "anticipating_recall": 0.10112359550561797,
        "anticipating_f1": 0.12,
        "anxious_precision": 0.10869565217391304,
        "anxious_recall": 0.16483516483516483,
        "anxious_f1": 0.13100436681222707
    }
}