{
    "emotion": {
        "proud_precision": 0.22491349480968859,
        "proud_recall": 0.3217821782178218,
        "proud_f1": 0.26476578411405294,
        "apprehensive_precision": 0.0684931506849315,
        "apprehensive_recall": 0.10638297872340426,
        "apprehensive_f1": 0.08333333333333333,
        "disappointed_precision": 0.1391304347826087,
        "disappointed_recall": 0.13333333333333333,
        "disappointed_f1": 0.13617021276595745,
        "faithful_precision": 0.18571428571428572,
        "faithful_recall": 0.125,
        "faithful_f1": 0.14942528735632185,
        "impressed_precision": 0.20125786163522014,
        "impressed_recall": 0.22857142857142856,
        "impressed_f1": 0.2140468227424749,
        "devastated_precision": 0.1330049261083744,
        "devastated_recall": 0.23275862068965517,
        "devastated_f1": 0.16927899686520376,
        "prepared_precision": 0.1836734693877551,
        "prepared_recall": 0.17142857142857143,
        "prepared_f1": 0.17733990147783252,
        "nostalgic_precision": 0.3841059602649007,
        "nostalgic_recall": 0.327683615819209,
        "nostalgic_f1": 0.35365853658536583,
        "annoyed_precision": 0.19298245614035087,
        "annoyed_recall": 0.205607476635514,
        "annoyed_f1": 0.19909502262443438,
        "grateful_precision": 0.21561338289962825,
        "grateful_recall": 0.27884615384615385,
        "grateful_f1": 0.2431865828092243,
        "joyful_precision": 0.10218978102189781,
        "joyful_recall": 0.09929078014184398,
        "joyful_f1": 0.10071942446043165,
        "terrified_precision": 0.32,
        "terrified_recall": 0.4050632911392405,
        "terrified_f1": 0.3575418994413408,
        "caring_precision": 0.16981132075471697,
        "caring_recall": 0.23893805309734514,
        "caring_f1": 0.19852941176470587,
        "trusting_precision": 0.20670391061452514,
        "trusting_recall": 0.148,
        "trusting_f1": 0.17249417249417248,
        "sad_precision": 0.17158176943699732,
        "sad_recall": 0.25396825396825395,
        "sad_f1": 0.2048,
        "guilty_precision": 0.2,
        "guilty_recall": 0.1891891891891892,
        "guilty_f1": 0.19444444444444445,
        "sentimental_precision": 0.20359281437125748,
        "sentimental_recall": 0.24817518248175183,
        "sentimental_f1": 0.2236842105263158,
        "hopeful_precision": 0.15867158671586715,
        "hopeful_recall": 0.1519434628975265,
        "hopeful_f1": 0.1552346570397112,
        "confident_precision": 0.19402985074626866,
        "confident_recall": 0.15950920245398773,
        "confident_f1": 0.1750841750841751,
        "surprised_precision": 0.23236514522821577,
        "surprised_recall": 0.15512465373961218,
        "surprised_f1": 0.18604651162790697,
        "furious_precision": 0.07692307692307693,
        "furious_recall": 0.02857142857142857,
        "furious_f1": 0.041666666666666664,
        "afraid_precision": 0.16842105263157894,
        "afraid_recall": 0.12030075187969924,
        "afraid_f1": 0.14035087719298245,
        "jealous_precision": 0.3026315789473684,
        "jealous_recall": 0.12365591397849462,
        "jealous_f1": 0.17557251908396945,
        "excited_precision": 0.25120772946859904,
        "excited_recall": 0.23529411764705882,
        "excited_f1": 0.24299065420560748,
        "lonely_precision": 0.23809523809523808,
        "lonely_recall": 0.2158273381294964,
        "lonely_f1": 0.22641509433962265,
        "disgusted_precision": 0.32051282051282054,
        "disgusted_recall": 0.14619883040935672,
        "disgusted_f1": 0.20080321285140562,
        "embarrassed_precision": 0.3049645390070922,
        "embarrassed_recall": 0.41346153846153844,
        "embarrassed_f1": 0.3510204081632653,
        "angry_precision": 0.11267605633802817,
        "angry_recall": 0.06956521739130435,
        "angry_f1": 0.08602150537634409,
        "content_precision": 0.21794871794871795,
        "content_recall": 0.2524752475247525,
        "content_f1": 0.23394495412844038,
        "ashamed_precision": 0.027777777777777776,
        "ashamed_recall": 0.023255813953488372,
        "ashamed_f1": 0.02531645569620253,
        "anticipating_precision": 0.09876543209876543,
        "anticipating_recall": 0.08695652173913043,
        "anticipating_f1": 0.09248554913294797,
        "anxious_precision": 0.11023622047244094,
        "anxious_recall": 0.13725490196078433,
        "anxious_f1": 0.1222707423580786
    },
    "empintent": {
        "agreeing_precision": 0.24686192468619247,
        "agreeing_recall": 0.14603960396039603,
        "agreeing_f1": 0.18351477449455678,
        "acknowledging_precision": 0.2643884892086331,
        "acknowledging_recall": 0.15705128205128205,
        "acknowledging_f1": 0.1970509383378016,
        "encouraging_precision": 0.11538461538461539,
        "encouraging_recall": 0.02586206896551724,
        "encouraging_f1": 0.04225352112676056,
        "consoling_precision": 0.09523809523809523,
        "consoling_recall": 0.012658227848101266,
        "consoling_f1": 0.0223463687150838,
        "sympathizing_precision": 0.2755905511811024,
        "sympathizing_recall": 0.525,
        "sympathizing_f1": 0.3614457831325301,
        "suggesting_precision": 0.13513513513513514,
        "suggesting_recall": 0.049019607843137254,
        "suggesting_f1": 0.07194244604316546,
        "questioning_precision": 0.38505231689088193,
        "questioning_recall": 0.8141592920353983,
        "questioning_f1": 0.522833367160544,
        "wishing_precision": 0.07407407407407407,
        "wishing_recall": 0.06741573033707865,
        "wishing_f1": 0.07058823529411765,
        "neutral_precision": 0.6564748201438849,
        "neutral_recall": 0.22054380664652568,
        "neutral_f1": 0.3301673450927182
    }
}