{
    "emotion": {
        "proud_precision": 0.22916666666666666,
        "proud_recall": 0.32673267326732675,
        "proud_f1": 0.2693877551020408,
        "apprehensive_precision": 0.05517241379310345,
        "apprehensive_recall": 0.0851063829787234,
        "apprehensive_f1": 0.06694560669456066,
        "disappointed_precision": 0.1391304347826087,
        "disappointed_recall": 0.13333333333333333,
        "disappointed_f1": 0.13617021276595745,
        "faithful_precision": 0.18571428571428572,
        "faithful_recall": 0.125,
        "faithful_f1": 0.14942528735632185,
        "impressed_precision": 0.2,
        "impressed_recall": 0.22857142857142856,
        "impressed_f1": 0.21333333333333335,
        "devastated_precision": 0.1291866028708134,
        "devastated_recall": 0.23275862068965517,
        "devastated_f1": 0.16615384615384615,
        "prepared_precision": 0.1875,
        "prepared_recall": 0.17142857142857143,
        "prepared_f1": 0.1791044776119403,
        "nostalgic_precision": 0.38562091503267976,
        "nostalgic_recall": 0.3333333333333333,
        "nostalgic_f1": 0.3575757575757576,
        "annoyed_precision": 0.1894273127753304,
        "annoyed_recall": 0.20093457943925233,
        "annoyed_f1": 0.19501133786848074,
        "grateful_precision": 0.21481481481481482,
        "grateful_recall": 0.27884615384615385,
        "grateful_f1": 0.24267782426778242,
        "joyful_precision": 0.09929078014184398,
        "joyful_recall": 0.09929078014184398,
        "joyful_f1": 0.09929078014184398,
        "terrified_precision": 0.3251231527093596,
        "terrified_recall": 0.4177215189873418,
        "terrified_f1": 0.3656509695290859,
        "caring_precision": 0.16455696202531644,
        "caring_recall": 0.23008849557522124,
        "caring_f1": 0.1918819188191882,
        "trusting_precision": 0.21022727272727273,
        "trusting_recall": 0.148,
        "trusting_f1": 0.17370892018779344,
        "sad_precision": 0.17567567567567569,
        "sad_recall": 0.25793650793650796,
        "sad_f1": 0.2090032154340836,
        "guilty_precision": 0.1643835616438356,
        "guilty_recall": 0.16216216216216217,
        "guilty_f1": 0.16326530612244897,
        "sentimental_precision": 0.20359281437125748,
        "sentimental_recall": 0.24817518248175183,
        "sentimental_f1": 0.2236842105263158,
        "hopeful_precision": 0.16287878787878787,
        "hopeful_recall": 0.1519434628975265,
        "hopeful_f1": 0.15722120658135283,
        "confident_precision": 0.1865671641791045,
        "confident_recall": 0.15337423312883436,
        "confident_f1": 0.16835016835016836,
        "surprised_precision": 0.22357723577235772,
        "surprised_recall": 0.1523545706371191,
        "surprised_f1": 0.1812191103789127,
        "furious_precision": 0.10714285714285714,
        "furious_recall": 0.04285714285714286,
        "furious_f1": 0.061224489795918366,
        "afraid_precision": 0.19148936170212766,
        "afraid_recall": 0.13533834586466165,
        "afraid_f1": 0.15859030837004406,
        "jealous_precision": 0.3026315789473684,
        "jealous_recall": 0.12365591397849462,
        "jealous_f1": 0.17557251908396945,
        "excited_precision": 0.24875621890547264,
        "excited_recall": 0.22624434389140272,
        "excited_f1": 0.23696682464454977,
        "lonely_precision": 0.23137254901960785,
        "lonely_recall": 0.21223021582733814,
        "lonely_f1": 0.22138836772983114,
        "disgusted_precision": 0.3291139240506329,
        "disgusted_recall": 0.15204678362573099,
        "disgusted_f1": 0.208,
        "embarrassed_precision": 0.3028169014084507,
        "embarrassed_recall": 0.41346153846153844,
        "embarrassed_f1": 0.34959349593495936,
        "angry_precision": 0.1232876712328767,
        "angry_recall": 0.0782608695652174,
        "angry_f1": 0.09574468085106383,
        "content_precision": 0.22033898305084745,
        "content_recall": 0.25742574257425743,
        "content_f1": 0.2374429223744292,
        "ashamed_precision": 0.027777777777777776,
        "ashamed_recall": 0.023255813953488372,
        "ashamed_f1": 0.02531645569620253,
        "anticipating_precision": 0.0958904109589041,
        "anticipating_recall": 0.07608695652173914,
        "anticipating_f1": 0.08484848484848485,
        "anxious_precision": 0.1111111111111111,
        "anxious_recall": 0.13725490196078433,
        "anxious_f1": 0.12280701754385964
    },
    "empintent": {
        "agreeing_precision": 0.2713178294573643,
        "agreeing_recall": 0.17326732673267325,
        "agreeing_f1": 0.21148036253776434,
        "acknowledging_precision": 0.26846846846846845,
        "acknowledging_recall": 0.15918803418803418,
        "acknowledging_f1": 0.1998658618376928,
        "encouraging_precision": 0.12903225806451613,
        "encouraging_recall": 0.034482758620689655,
        "encouraging_f1": 0.05442176870748299,
        "consoling_precision": 0.12,
        "consoling_recall": 0.0189873417721519,
        "consoling_f1": 0.03278688524590164,
        "sympathizing_precision": 0.28150134048257375,
        "sympathizing_recall": 0.525,
        "sympathizing_f1": 0.36649214659685864,
        "suggesting_precision": 0.12903225806451613,
        "suggesting_recall": 0.0392156862745098,
        "suggesting_f1": 0.06015037593984962,
        "questioning_precision": 0.39776951672862454,
        "questioning_recall": 0.8116308470290771,
        "questioning_f1": 0.5338877338877339,
        "wishing_precision": 0.07894736842105263,
        "wishing_recall": 0.06741573033707865,
        "wishing_f1": 0.07272727272727272,
        "neutral_precision": 0.6541353383458647,
        "neutral_recall": 0.2628398791540785,
        "neutral_f1": 0.375
    }
}