,diff_ER,diff_EX,diff_IP,reward,empathy,specificity
diff_ER,1.0,0.008933547104764917,-0.05683506723186426,-0.04437394485710014,-0.17897238354743808,-0.19891604765045293
diff_EX,0.008933547104764917,1.0,-0.09828278846195057,0.0672687149499272,0.14221858448185504,0.01745106066079628
diff_IP,-0.05683506723186426,-0.09828278846195057,1.0,0.12209519365997927,-0.04683541340598863,0.023584168220723917
reward,-0.04437394485710014,0.0672687149499272,0.12209519365997927,1.0,0.17601273201537737,0.12717992062580483
empathy,-0.17897238354743808,0.14221858448185504,-0.04683541340598863,0.17601273201537737,1.0,0.5410704358053335
specificity,-0.19891604765045293,0.01745106066079628,0.023584168220723917,0.12717992062580483,0.5410704358053335,1.0
