,diff_ER,diff_EX,diff_IP,reward,empathy,specificity
diff_ER,1.0,0.04431350209571295,-0.062099606491159205,-0.03775018197983476,-0.15280332703257787,-0.16336753707040197
diff_EX,0.04431350209571295,1.0,-0.12504531111456138,0.03567564921222854,0.13689496004507729,0.03811744182845139
diff_IP,-0.062099606491159205,-0.12504531111456138,1.0,0.1151221881337738,-0.026783191678465122,0.02547562561072883
reward,-0.03775018197983476,0.03567564921222854,0.1151221881337738,1.0,0.142340280872282,0.09106865642687129
empathy,-0.15280332703257787,0.13689496004507729,-0.026783191678465122,0.142340280872282,1.0,0.5401191685742278
specificity,-0.16336753707040197,0.03811744182845139,0.02547562561072883,0.09106865642687129,0.5401191685742278,1.0
