,diff_ER,diff_EX,diff_IP,reward,empathy,specificity
diff_ER,1.0,0.05180329147299624,-0.06829500792353892,-0.08845626327260953,-0.19886282614773582,-0.175977838570108
diff_EX,0.05180329147299624,1.0,-0.15267263439322273,0.09683620488370531,0.11027225932375123,-0.00676664952450962
diff_IP,-0.06829500792353892,-0.15267263439322273,1.0,0.12378470609729558,-0.07092757528527427,0.01566841350199165
reward,-0.08845626327260953,0.09683620488370531,0.12378470609729558,1.0,0.2121269664402266,0.16245491873254544
empathy,-0.19886282614773582,0.11027225932375123,-0.07092757528527427,0.2121269664402266,1.0,0.5608048011407845
specificity,-0.175977838570108,-0.00676664952450962,0.01566841350199165,0.16245491873254544,0.5608048011407845,1.0
