,diff_ER,diff_EX,diff_IP,reward,empathy,specificity
diff_ER,1.0,0.08119829107338224,-0.1377016968435978,-0.09673277163759303,-0.21723808130538141,-0.2108503704035786
diff_EX,0.08119829107338224,1.0,-0.12907378428004326,0.05259605699931833,0.07841870806601609,0.004278571370240223
diff_IP,-0.1377016968435978,-0.12907378428004326,1.0,0.13801145457337463,-0.0861204190485492,0.0299103670312825
reward,-0.09673277163759303,0.05259605699931833,0.13801145457337463,1.0,0.1858198628546277,0.13632749316041415
empathy,-0.21723808130538141,0.07841870806601609,-0.0861204190485492,0.1858198628546277,1.0,0.5799832835366842
specificity,-0.2108503704035786,0.004278571370240223,0.0299103670312825,0.13632749316041415,0.5799832835366842,1.0
