{"GOLD": {"Empathy": {"mean": 3.4125, "var": 1.1673437500000001}, "Specificity": {"mean": 3.3625, "var": 1.30609375}}, "GPT3": {"Empathy": {"mean": 3.7125, "var": 1.07984375}, "Specificity": {"mean": 3.0625, "var": 1.38359375}}, "BlenderBot": {"Empathy": {"mean": 2.4375, "var": 1.82109375}, "Specificity": {"mean": 2.7125, "var": 1.4298437500000003}}, "GODEL_SODA_RLHF": {"Empathy": {"mean": 2.45, "var": 1.5475000000000003}, "Specificity": {"mean": 2.3625, "var": 1.7060937500000002}}, "GODEL_EMPDIAL_RLHF": {"Empathy": {"mean": 1.725, "var": 1.499375}, "Specificity": {"mean": 2.1375, "var": 1.5935937500000001}}}