{"GOLD": {"Empathy": {"mean": 3.4166666666666665, "var": 1.109722222222222}, "Specificity": {"mean": 3.316666666666667, "var": 1.4163888888888891}}, "GPT3": {"Empathy": {"mean": 3.7, "var": 1.2433333333333334}, "Specificity": {"mean": 3.1, "var": 1.3566666666666667}}, "BlenderBot": {"Empathy": {"mean": 2.2333333333333334, "var": 1.812222222222222}, "Specificity": {"mean": 2.533333333333333, "var": 1.3822222222222225}}, "GODEL_SODA_RLHF": {"Empathy": {"mean": 2.45, "var": 1.414166666666667}, "Specificity": {"mean": 2.316666666666667, "var": 1.6163888888888889}}, "GODEL_EMPDIAL_RLHF": {"Empathy": {"mean": 1.6166666666666667, "var": 1.369722222222222}, "Specificity": {"mean": 2.05, "var": 1.7141666666666666}}}