{"GOLD": {"Empathy": {"mean": 3.3727272727272726, "var": 1.3792561983471072}, "Specificity": {"mean": 3.5272727272727273, "var": 1.32198347107438}}, "GPT3": {"Empathy": {"mean": 3.7454545454545456, "var": 0.9715702479338844}, "Specificity": {"mean": 3.1272727272727274, "var": 1.3656198347107436}}, "BlenderBot": {"Empathy": {"mean": 2.609090909090909, "var": 1.6199173553719008}, "Specificity": {"mean": 2.827272727272727, "var": 1.2701652892561985}}, "GODEL_SODA_RLHF": {"Empathy": {"mean": 2.618181818181818, "var": 1.4360330578512397}, "Specificity": {"mean": 2.4454545454545453, "var": 1.592479338842975}}, "GODEL_EMPDIAL_RLHF": {"Empathy": {"mean": 1.7636363636363637, "var": 1.562314049586777}, "Specificity": {"mean": 2.018181818181818, "var": 1.4542148760330582}}}