{"emotion": {"proud_precision": 0.1885245901639344, "proud_recall": 0.22772277227722773, "proud_f1": 0.2062780269058296, "apprehensive_precision": 0.03870967741935484, "apprehensive_recall": 0.06382978723404255, "apprehensive_f1": 0.04819277108433735, "disappointed_precision": 0.05154639175257732, "disappointed_recall": 0.041666666666666664, "disappointed_f1": 0.04608294930875576, "faithful_precision": 0.16393442622950818, "faithful_recall": 0.09615384615384616, "faithful_f1": 0.12121212121212122, "impressed_precision": 0.1875, "impressed_recall": 0.17142857142857143, "impressed_f1": 0.1791044776119403, "devastated_precision": 0.09420289855072464, "devastated_recall": 0.11206896551724138, "devastated_f1": 0.10236220472440945, "prepared_precision": 0.12121212121212122, "prepared_recall": 0.0761904761904762, "prepared_f1": 0.0935672514619883, "nostalgic_precision": 0.375, "nostalgic_recall": 0.288135593220339, "nostalgic_f1": 0.3258785942492013, "annoyed_precision": 0.20437956204379562, "annoyed_recall": 0.1308411214953271, "annoyed_f1": 0.15954415954415954, "grateful_precision": 0.1, "grateful_recall": 0.1291866028708134, "grateful_f1": 0.1127348643006263, "joyful_precision": 0.12173913043478261, "joyful_recall": 0.09929078014184398, "joyful_f1": 0.109375, "terrified_precision": 0.23225806451612904, "terrified_recall": 0.22784810126582278, "terrified_f1": 0.23003194888178913, "caring_precision": 0.22388059701492538, "caring_recall": 0.19911504424778761, "caring_f1": 0.2107728337236534, "trusting_precision": 0.10194174757281553, "trusting_recall": 0.084, "trusting_f1": 0.09210526315789473, "sad_precision": 0.16216216216216217, "sad_recall": 0.19047619047619047, "sad_f1": 0.17518248175182483, "guilty_precision": 0.06611570247933884, "guilty_recall": 0.10810810810810811, "guilty_f1": 0.08205128205128205, "sentimental_precision": 0.18309859154929578, "sentimental_recall": 0.0948905109489051, "sentimental_f1": 0.125, "hopeful_precision": 0.13011152416356878, "hopeful_recall": 0.12367491166077739, "hopeful_f1": 0.12681159420289856, "confident_precision": 0.14396887159533073, "confident_recall": 0.22839506172839505, "confident_f1": 0.1766109785202864, "surprised_precision": 0.1991701244813278, "surprised_recall": 0.1329639889196676, "surprised_f1": 0.15946843853820597, "furious_precision": 0.10256410256410256, "furious_recall": 0.05714285714285714, "furious_f1": 0.07339449541284404, "afraid_precision": 0.11188811188811189, "afraid_recall": 0.12030075187969924, "afraid_f1": 0.11594202898550725, "jealous_precision": 0.1228813559322034, "jealous_recall": 0.15591397849462366, "jealous_f1": 0.13744075829383887, "excited_precision": 0.18840579710144928, "excited_recall": 0.17647058823529413, "excited_f1": 0.1822429906542056, "lonely_precision": 0.12369597615499255, "lonely_recall": 0.29856115107913667, "lonely_f1": 0.1749209694415174, "disgusted_precision": 0.23076923076923078, "disgusted_recall": 0.10526315789473684, "disgusted_f1": 0.14457831325301204, "embarrassed_precision": 0.24561403508771928, "embarrassed_recall": 0.1346153846153846, "embarrassed_f1": 0.17391304347826086, "angry_precision": 0.047058823529411764, "angry_recall": 0.034782608695652174, "angry_f1": 0.04, "content_precision": 0.1881720430107527, "content_recall": 0.17326732673267325, "content_f1": 0.18041237113402062, "ashamed_precision": 0.03333333333333333, "ashamed_recall": 0.023255813953488372, "ashamed_f1": 0.0273972602739726, "anticipating_precision": 0.1, "anticipating_recall": 0.07608695652173914, "anticipating_f1": 0.08641975308641975, "anxious_precision": 0.11842105263157894, "anxious_recall": 0.08823529411764706, "anxious_f1": 0.10112359550561797}, "empintent": {"agreeing_precision": 0.20287253141831238, "agreeing_recall": 0.27970297029702973, "agreeing_f1": 0.2351716961498439, "acknowledging_precision": 0.2881213142375737, "acknowledging_recall": 0.36538461538461536, "acknowledging_f1": 0.32218558643429107, "encouraging_precision": 0.05, "encouraging_recall": 0.017241379310344827, "encouraging_f1": 0.02564102564102564, "consoling_precision": 0.125, "consoling_recall": 0.02531645569620253, "consoling_f1": 0.042105263157894736, "sympathizing_precision": 0.2188449848024316, "sympathizing_recall": 0.36, "sympathizing_f1": 0.2722117202268431, "suggesting_precision": 0.13829787234042554, "suggesting_recall": 0.12745098039215685, "suggesting_f1": 0.1326530612244898, "questioning_precision": 0.5044929396662388, "questioning_recall": 0.4968394437420986, "questioning_f1": 0.5006369426751592, "wishing_precision": 0.07692307692307693, "wishing_recall": 0.0449438202247191, "wishing_f1": 0.05673758865248227, "neutral_precision": 0.48887293610911703, "neutral_recall": 0.4114803625377644, "neutral_f1": 0.4468503937007874}}