{"emotion": {"proud_precision": 0.18235294117647058, "proud_recall": 0.15346534653465346, "proud_f1": 0.16666666666666666, "apprehensive_precision": 0.08620689655172414, "apprehensive_recall": 0.1595744680851064, "apprehensive_f1": 0.11194029850746269, "disappointed_precision": 0.06097560975609756, "disappointed_recall": 0.08333333333333333, "disappointed_f1": 0.07042253521126761, "faithful_precision": 0.08860759493670886, "faithful_recall": 0.0673076923076923, "faithful_f1": 0.07650273224043716, "impressed_precision": 0.07936507936507936, "impressed_recall": 0.03571428571428571, "impressed_f1": 0.04926108374384237, "devastated_precision": 0.07216494845360824, "devastated_recall": 0.0603448275862069, "devastated_f1": 0.06572769953051644, "prepared_precision": 0.12264150943396226, "prepared_recall": 0.12380952380952381, "prepared_f1": 0.12322274881516587, "nostalgic_precision": 0.3333333333333333, "nostalgic_recall": 0.21468926553672316, "nostalgic_f1": 0.2611683848797251, "annoyed_precision": 0.22123893805309736, "annoyed_recall": 0.11682242990654206, "annoyed_f1": 0.1529051987767584, "grateful_precision": 0.15463917525773196, "grateful_recall": 0.215311004784689, "grateful_f1": 0.18, "joyful_precision": 0.08187134502923976, "joyful_recall": 0.09929078014184398, "joyful_f1": 0.08974358974358974, "terrified_precision": 0.32558139534883723, "terrified_recall": 0.26582278481012656, "terrified_f1": 0.2926829268292683, "caring_precision": 0.20430107526881722, "caring_recall": 0.168141592920354, "caring_f1": 0.18446601941747573, "trusting_precision": 0.11262798634812286, "trusting_recall": 0.132, "trusting_f1": 0.12154696132596685, "sad_precision": 0.1889168765743073, "sad_recall": 0.2976190476190476, "sad_f1": 0.23112480739599384, "guilty_precision": 0.059113300492610835, "guilty_recall": 0.16216216216216217, "guilty_f1": 0.08664259927797834, "sentimental_precision": 0.1951219512195122, "sentimental_recall": 0.11678832116788321, "sentimental_f1": 0.1461187214611872, "hopeful_precision": 0.125, "hopeful_recall": 0.127208480565371, "hopeful_f1": 0.12609457092819615, "confident_precision": 0.10404624277456648, "confident_recall": 0.2222222222222222, "confident_f1": 0.14173228346456693, "surprised_precision": 0.2631578947368421, "surprised_recall": 0.13850415512465375, "surprised_f1": 0.18148820326678766, "furious_precision": 0.0625, "furious_recall": 0.014285714285714285, "furious_f1": 0.023255813953488372, "afraid_precision": 0.1956521739130435, "afraid_recall": 0.20300751879699247, "afraid_f1": 0.1992619926199262, "jealous_precision": 0.14285714285714285, "jealous_recall": 0.10752688172043011, "jealous_f1": 0.12269938650306748, "excited_precision": 0.20869565217391303, "excited_recall": 0.2171945701357466, "excited_f1": 0.21286031042128603, "lonely_precision": 0.17231638418079095, "lonely_recall": 0.21942446043165467, "lonely_f1": 0.1930379746835443, "disgusted_precision": 0.34375, "disgusted_recall": 0.1286549707602339, "disgusted_f1": 0.18723404255319148, "embarrassed_precision": 0.23880597014925373, "embarrassed_recall": 0.15384615384615385, "embarrassed_f1": 0.1871345029239766, "angry_precision": 0.11475409836065574, "angry_recall": 0.06086956521739131, "angry_f1": 0.07954545454545454, "content_precision": 0.14136125654450263, "content_recall": 0.13366336633663367, "content_f1": 0.13740458015267176, "ashamed_precision": 0.024390243902439025, "ashamed_recall": 0.11627906976744186, "ashamed_f1": 0.04032258064516129, "anticipating_precision": 0.09090909090909091, "anticipating_recall": 0.03260869565217391, "anticipating_f1": 0.048, "anxious_precision": 0.12643678160919541, "anxious_recall": 0.10784313725490197, "anxious_f1": 0.1164021164021164}, "empintent": {"agreeing_precision": 0.22957198443579765, "agreeing_recall": 0.14603960396039603, "agreeing_f1": 0.17851739788199697, "acknowledging_precision": 0.2874093605800923, "acknowledging_recall": 0.4658119658119658, "acknowledging_f1": 0.35548308194048106, "encouraging_precision": 0.06542056074766354, "encouraging_recall": 0.0603448275862069, "encouraging_f1": 0.06278026905829596, "consoling_precision": 0.1, "consoling_recall": 0.056962025316455694, "consoling_f1": 0.07258064516129033, "sympathizing_precision": 0.2571428571428571, "sympathizing_recall": 0.315, "sympathizing_f1": 0.28314606741573034, "suggesting_precision": 0.0, "suggesting_recall": 0.0, "suggesting_f1": 0.0, "questioning_precision": 0.6435185185185185, "questioning_recall": 0.17572692793931732, "questioning_f1": 0.27606752730883816, "wishing_precision": 0.14285714285714285, "wishing_recall": 0.011235955056179775, "wishing_f1": 0.020833333333333332, "neutral_precision": 0.39486980178779635, "neutral_recall": 0.6138972809667673, "neutral_f1": 0.4806054872280038}}