{
    "emotion": {
        "proud_precision": 0.21235521235521235,
        "proud_recall": 0.2722772277227723,
        "proud_f1": 0.2386117136659436,
        "apprehensive_precision": 0.037037037037037035,
        "apprehensive_recall": 0.031914893617021274,
        "apprehensive_f1": 0.03428571428571429,
        "disappointed_precision": 0.11956521739130435,
        "disappointed_recall": 0.09166666666666666,
        "disappointed_f1": 0.10377358490566038,
        "faithful_precision": 0.1724137931034483,
        "faithful_recall": 0.09615384615384616,
        "faithful_f1": 0.12345679012345678,
        "impressed_precision": 0.16129032258064516,
        "impressed_recall": 0.10714285714285714,
        "impressed_f1": 0.12875536480686695,
        "devastated_precision": 0.12562814070351758,
        "devastated_recall": 0.21551724137931033,
        "devastated_f1": 0.15873015873015872,
        "prepared_precision": 0.171875,
        "prepared_recall": 0.10476190476190476,
        "prepared_f1": 0.1301775147928994,
        "nostalgic_precision": 0.3096446700507614,
        "nostalgic_recall": 0.3446327683615819,
        "nostalgic_f1": 0.32620320855614976,
        "annoyed_precision": 0.256198347107438,
        "annoyed_recall": 0.14485981308411214,
        "annoyed_f1": 0.18507462686567164,
        "grateful_precision": 0.15625,
        "grateful_recall": 0.16826923076923078,
        "grateful_f1": 0.16203703703703703,
        "joyful_precision": 0.13013698630136986,
        "joyful_recall": 0.1347517730496454,
        "joyful_f1": 0.13240418118466898,
        "terrified_precision": 0.314410480349345,
        "terrified_recall": 0.45569620253164556,
        "terrified_f1": 0.37209302325581395,
        "caring_precision": 0.2204724409448819,
        "caring_recall": 0.24778761061946902,
        "caring_f1": 0.23333333333333334,
        "trusting_precision": 0.1276595744680851,
        "trusting_recall": 0.096,
        "trusting_f1": 0.1095890410958904,
        "sad_precision": 0.18711656441717792,
        "sad_recall": 0.24206349206349206,
        "sad_f1": 0.21107266435986158,
        "guilty_precision": 0.11235955056179775,
        "guilty_recall": 0.13513513513513514,
        "guilty_f1": 0.12269938650306748,
        "sentimental_precision": 0.1797752808988764,
        "sentimental_recall": 0.11678832116788321,
        "sentimental_f1": 0.1415929203539823,
        "hopeful_precision": 0.134375,
        "hopeful_recall": 0.1519434628975265,
        "hopeful_f1": 0.14262023217247097,
        "confident_precision": 0.16666666666666666,
        "confident_recall": 0.26993865030674846,
        "confident_f1": 0.20608899297423888,
        "surprised_precision": 0.22077922077922077,
        "surprised_recall": 0.14127423822714683,
        "surprised_f1": 0.17229729729729729,
        "furious_precision": 0.08411214953271028,
        "furious_recall": 0.12857142857142856,
        "furious_f1": 0.1016949152542373,
        "afraid_precision": 0.12727272727272726,
        "afraid_recall": 0.10526315789473684,
        "afraid_f1": 0.11522633744855967,
        "jealous_precision": 0.176,
        "jealous_recall": 0.11827956989247312,
        "jealous_f1": 0.1414790996784566,
        "excited_precision": 0.24285714285714285,
        "excited_recall": 0.38461538461538464,
        "excited_f1": 0.29772329246935203,
        "lonely_precision": 0.16140350877192983,
        "lonely_recall": 0.16546762589928057,
        "lonely_f1": 0.16341030195381884,
        "disgusted_precision": 0.2867647058823529,
        "disgusted_recall": 0.22807017543859648,
        "disgusted_f1": 0.254071661237785,
        "embarrassed_precision": 0.25688073394495414,
        "embarrassed_recall": 0.2692307692307692,
        "embarrassed_f1": 0.26291079812206575,
        "angry_precision": 0.11842105263157894,
        "angry_recall": 0.0782608695652174,
        "angry_f1": 0.09424083769633508,
        "content_precision": 0.17180616740088106,
        "content_recall": 0.19306930693069307,
        "content_f1": 0.18181818181818182,
        "ashamed_precision": 0.05714285714285714,
        "ashamed_recall": 0.046511627906976744,
        "ashamed_f1": 0.05128205128205128,
        "anticipating_precision": 0.06818181818181818,
        "anticipating_recall": 0.06521739130434782,
        "anticipating_f1": 0.06666666666666667,
        "anxious_precision": 0.08571428571428572,
        "anxious_recall": 0.058823529411764705,
        "anxious_f1": 0.06976744186046512
    }
}