,Empathy,Relevance,Fluency
Empathy,1.0,0.4474926266760577,0.3863547774587113
Relevance,0.4474926266760577,1.0,0.3435783804734099
Fluency,0.3863547774587113,0.3435783804734099,1.0
