{"f4e2952b-104b-4501-a755-f0ccaa27a54f": [-10.610600647742855, -0.3599113334883268, -13.007079917843889], "f8afce91-8f4f-4e7a-9351-337ef83ae4ef": [22.84264525040844, 15.993450097306242, 18.043194677399622], "d5eaa44f-8611-4a95-a3d5-5db92466fc56": [1.1295487862934368, -1.8375152438153695, 2.4749724842212166], "45fe77a5-07b4-46b0-931c-a078deb73d65": [-13.361593388959019, -13.796023520002548, -7.511087243776966]}