{"f4e2952b-104b-4501-a755-f0ccaa27a54f": [-5.028506915061863, -1.2258352875319893, -2.5801032377922173], "f8afce91-8f4f-4e7a-9351-337ef83ae4ef": [9.667511252297086, 7.9431645836889, 6.480965818076735], "d5eaa44f-8611-4a95-a3d5-5db92466fc56": [-1.92749212300923, -2.4102970901138496, -0.2655280618780217], "45fe77a5-07b4-46b0-931c-a078deb73d65": [-2.711512214225994, -4.30703220604306, -3.635334518406496]}