{"f4e2952b-104b-4501-a755-f0ccaa27a54f": [-21.42869376109275, 0.41123343749156616, -19.77081277786214], "f8afce91-8f4f-4e7a-9351-337ef83ae4ef": [49.12364067307573, 28.881398166134204, 31.59446234336734], "d5eaa44f-8611-4a95-a3d5-5db92466fc56": [-3.634318018783868, -3.869273471238998, 0.092590081094724], "45fe77a5-07b4-46b0-931c-a078deb73d65": [-24.060628893199066, -25.423358132386753, -11.916239646599893]}