{"f4e2952b-104b-4501-a755-f0ccaa27a54f": [-19.881737225847722, -0.9235296891009368, -18.792111416848886], "f8afce91-8f4f-4e7a-9351-337ef83ae4ef": [43.83033990530791, 25.79675768118011, 27.87171585004488], "d5eaa44f-8611-4a95-a3d5-5db92466fc56": [-2.7843259310899997, -3.139392315471177, 1.1381398089792458], "45fe77a5-07b4-46b0-931c-a078deb73d65": [-21.164276748370174, -21.733835676608024, -10.217744242175238]}