{"f4e2952b-104b-4501-a755-f0ccaa27a54f": [957.5506979596265, 983.6949860973948, 955.9637920924479], "f8afce91-8f4f-4e7a-9351-337ef83ae4ef": [1109.5276974848687, 1047.308095253355, 1046.5043354089032], "d5eaa44f-8611-4a95-a3d5-5db92466fc56": [1008.8218639961392, 1000.673829035312, 1009.3188188004084], "45fe77a5-07b4-46b0-931c-a078deb73d65": [924.0997405593671, 968.3230896139365, 988.2130536982409]}