{"f4e2952b-104b-4501-a755-f0ccaa27a54f": [-13.023057116503832, 0.15060973619553386, -15.015791363474149], "f8afce91-8f4f-4e7a-9351-337ef83ae4ef": [28.305843226306973, 18.93017049229163, 23.671592306594466], "d5eaa44f-8611-4a95-a3d5-5db92466fc56": [-1.3881277723340257, -2.4050226824885446, 0.2693470011579748], "45fe77a5-07b4-46b0-931c-a078deb73d65": [-13.8946583374691, -16.675757545998636, -8.925147944278287]}