{"f4e2952b-104b-4501-a755-f0ccaa27a54f": [-12.757028956422612, -0.4534036051855843, -14.522706131753282], "f8afce91-8f4f-4e7a-9351-337ef83ae4ef": [27.243766818061715, 19.018847575455858, 22.09512851729834], "d5eaa44f-8611-4a95-a3d5-5db92466fc56": [-0.9166575266110039, -1.9933879744889578, 0.8272016567272967], "45fe77a5-07b4-46b0-931c-a078deb73d65": [-13.570080335028111, -16.572055995781305, -8.399624042272333]}