{"f4e2952b-104b-4501-a755-f0ccaa27a54f": [-8.2460427577272, -0.2016109519734035, -8.551035710976956], "f8afce91-8f4f-4e7a-9351-337ef83ae4ef": [15.423248535266815, 11.411105171899864, 13.461813062999935], "d5eaa44f-8611-4a95-a3d5-5db92466fc56": [1.0840407946464743, -1.522084907243641, 3.220901489620034], "45fe77a5-07b4-46b0-931c-a078deb73d65": [-8.261246572186087, -9.687409312682828, -8.131678841643007]}