{"f4e2952b-104b-4501-a755-f0ccaa27a54f": [-2.787081482107896, 0.11426420762030634, -2.5922148957457454], "f8afce91-8f4f-4e7a-9351-337ef83ae4ef": [6.353928624237897, 3.822011892423207, 4.098067241532413], "d5eaa44f-8611-4a95-a3d5-5db92466fc56": [-0.3966545413586166, -0.4861056559295528, 0.06672783669375157], "45fe77a5-07b4-46b0-931c-a078deb73d65": [-3.1701926007713843, -3.4501704441139602, -1.5725801824804202]}