{"f4e2952b-104b-4501-a755-f0ccaa27a54f": [-20.1298486625785, -0.9173441538461768, -18.819339890144377], "f8afce91-8f4f-4e7a-9351-337ef83ae4ef": [44.116170473348824, 25.501570699655595, 28.313639735626403], "d5eaa44f-8611-4a95-a3d5-5db92466fc56": [-3.127313777925571, -2.8170721467391813, 1.3004690520079372], "45fe77a5-07b4-46b0-931c-a078deb73d65": [-20.859008032844777, -21.76715439907024, -10.79476889748994]}