{"f4e2952b-104b-4501-a755-f0ccaa27a54f": [-12.822502013126215, 0.5233667395950025, -15.438893664317646], "f8afce91-8f4f-4e7a-9351-337ef83ae4ef": [28.63616559851052, 19.031043441149386, 24.008098366665703], "d5eaa44f-8611-4a95-a3d5-5db92466fc56": [-0.980389065589885, -2.19778473495093, 0.4609011020183036], "45fe77a5-07b4-46b0-931c-a078deb73d65": [-14.833274519794422, -17.356625445793473, -9.030105804366343]}