{"f4e2952b-104b-4501-a755-f0ccaa27a54f": [-14.799570210446443, 1.139619177952092, -16.235588295664957], "f8afce91-8f4f-4e7a-9351-337ef83ae4ef": [31.696721639792283, 20.450120670117915, 25.01452380154211], "d5eaa44f-8611-4a95-a3d5-5db92466fc56": [-2.3571312145249914, -2.329845026324178, 0.6830399569980861], "45fe77a5-07b4-46b0-931c-a078deb73d65": [-14.54002021482087, -19.25989482174583, -9.461975462875245]}