{"f4e2952b-104b-4501-a755-f0ccaa27a54f": [-18.835460286767653, 0.5960651327705286, -16.335647869806447], "f8afce91-8f4f-4e7a-9351-337ef83ae4ef": [41.4985110637304, 24.72323917967237, 26.21549689579649], "d5eaa44f-8611-4a95-a3d5-5db92466fc56": [-2.25248477866618, -1.7726658502640307, 1.5548736535231837], "45fe77a5-07b4-46b0-931c-a078deb73d65": [-20.410565998296526, -23.546638462178844, -11.43472267951321]}