{"f4e2952b-104b-4501-a755-f0ccaa27a54f": [-8.778987505264128, -0.6926404776836674, -8.100628369473158], "f8afce91-8f4f-4e7a-9351-337ef83ae4ef": [15.951821193899871, 11.286823545461203, 13.279265897655307], "d5eaa44f-8611-4a95-a3d5-5db92466fc56": [-0.018482193489128718, -2.250871662486263, 2.9953675561654958], "45fe77a5-07b4-46b0-931c-a078deb73d65": [-7.154351495146619, -8.343311405291274, -8.174005084347641]}