{"f4e2952b-104b-4501-a755-f0ccaa27a54f": [-12.729583836084574, -0.8689960283134085, -13.865416884721487], "f8afce91-8f4f-4e7a-9351-337ef83ae4ef": [26.393236955048163, 18.39728256527463, 21.67332927322003], "d5eaa44f-8611-4a95-a3d5-5db92466fc56": [-0.4805427824858759, -2.005728298606292, 1.0972563560684891], "45fe77a5-07b4-46b0-931c-a078deb73d65": [-13.183110336477727, -15.522558238354918, -8.905168744567042]}