{"f4e2952b-104b-4501-a755-f0ccaa27a54f": [-18.393797296481832, 0.552368516467827, -16.68562476632476], "f8afce91-8f4f-4e7a-9351-337ef83ae4ef": [41.003548522716954, 25.19756776317996, 26.081128041891986], "d5eaa44f-8611-4a95-a3d5-5db92466fc56": [-2.093927434049042, -2.1595642178472727, 1.2842142619486134], "45fe77a5-07b4-46b0-931c-a078deb73d65": [-20.515823792186094, -23.59037206180053, -10.679717537515838]}