{"f4e2952b-104b-4501-a755-f0ccaa27a54f": [-20.152612678885514, -0.16489506490712807, -17.35534434133146], "f8afce91-8f4f-4e7a-9351-337ef83ae4ef": [42.85136961905946, 24.797859790144035, 26.39683512573484], "d5eaa44f-8611-4a95-a3d5-5db92466fc56": [-2.5305775451281716, -1.3902824139675263, 1.5220410886344966], "45fe77a5-07b4-46b0-931c-a078deb73d65": [-20.16817939504574, -23.242682311269373, -10.563531873037867]}