{"f4e2952b-104b-4501-a755-f0ccaa27a54f": [-11.948818489512051, -0.6548900703372889, -13.303907848137088], "f8afce91-8f4f-4e7a-9351-337ef83ae4ef": [25.982574901470464, 18.41249114321558, 21.48044810327386], "d5eaa44f-8611-4a95-a3d5-5db92466fc56": [-0.6500950770463364, -1.5732482231844898, 1.1209603386134521], "45fe77a5-07b4-46b0-931c-a078deb73d65": [-13.383661334912086, -16.184352849693802, -9.297500593750206]}