{"f4e2952b-104b-4501-a755-f0ccaa27a54f": [-0.20791314757915302, 2.722300925266077, 1.7433250377022902], "f8afce91-8f4f-4e7a-9351-337ef83ae4ef": [6.119539133014975, 3.436062617047494, 3.1913651054464287], "d5eaa44f-8611-4a95-a3d5-5db92466fc56": [-4.663487708194603, -3.9447616125946716, -2.9529019655484037], "45fe77a5-07b4-46b0-931c-a078deb73d65": [-1.2481382772412182, -2.2136019297189, -1.9817881776003152]}