{"emotion": {"proud_precision": 0.18110236220472442, "proud_recall": 0.22772277227722773, "proud_f1": 0.20175438596491227, "apprehensive_precision": 0.056962025316455694, "apprehensive_recall": 0.09574468085106383, "apprehensive_f1": 0.07142857142857142, "disappointed_precision": 0.10416666666666667, "disappointed_recall": 0.08333333333333333, "disappointed_f1": 0.09259259259259259, "faithful_precision": 0.1111111111111111, "faithful_recall": 0.0673076923076923, "faithful_f1": 0.08383233532934131, "impressed_precision": 0.15833333333333333, "impressed_recall": 0.1357142857142857, "impressed_f1": 0.14615384615384616, "devastated_precision": 0.09142857142857143, "devastated_recall": 0.13793103448275862, "devastated_f1": 0.10996563573883161, "prepared_precision": 0.06172839506172839, "prepared_recall": 0.047619047619047616, "prepared_f1": 0.053763440860215055, "nostalgic_precision": 0.3466666666666667, "nostalgic_recall": 0.2937853107344633, "nostalgic_f1": 0.3180428134556575, "annoyed_precision": 0.22277227722772278, "annoyed_recall": 0.2102803738317757, "annoyed_f1": 0.21634615384615385, "grateful_precision": 0.1111111111111111, "grateful_recall": 0.15789473684210525, "grateful_f1": 0.13043478260869565, "joyful_precision": 0.09090909090909091, "joyful_recall": 0.07801418439716312, "joyful_f1": 0.08396946564885496, "terrified_precision": 0.2647058823529412, "terrified_recall": 0.2848101265822785, "terrified_f1": 0.27439024390243905, "caring_precision": 0.27485380116959063, "caring_recall": 0.2079646017699115, "caring_f1": 0.2367758186397985, "trusting_precision": 0.128099173553719, "trusting_recall": 0.124, "trusting_f1": 0.12601626016260162, "sad_precision": 0.16094986807387862, "sad_recall": 0.24206349206349206, "sad_f1": 0.19334389857369255, "guilty_precision": 0.10112359550561797, "guilty_recall": 0.12162162162162163, "guilty_f1": 0.11042944785276074, "sentimental_precision": 0.18292682926829268, "sentimental_recall": 0.10948905109489052, "sentimental_f1": 0.136986301369863, "hopeful_precision": 0.11851851851851852, "hopeful_recall": 0.11307420494699646, "hopeful_f1": 0.11573236889692586, "confident_precision": 0.13356164383561644, "confident_recall": 0.24074074074074073, "confident_f1": 0.17180616740088106, "surprised_precision": 0.19801980198019803, "surprised_recall": 0.11080332409972299, "surprised_f1": 0.14209591474245115, "furious_precision": 0.08333333333333333, "furious_recall": 0.02857142857142857, "furious_f1": 0.0425531914893617, "afraid_precision": 0.1393939393939394, "afraid_recall": 0.17293233082706766, "afraid_f1": 0.15436241610738255, "jealous_precision": 0.1, "jealous_recall": 0.07526881720430108, "jealous_f1": 0.08588957055214724, "excited_precision": 0.16585365853658537, "excited_recall": 0.15384615384615385, "excited_f1": 0.1596244131455399, "lonely_precision": 0.13653136531365315, "lonely_recall": 0.26618705035971224, "lonely_f1": 0.18048780487804877, "disgusted_precision": 0.23333333333333334, "disgusted_recall": 0.08187134502923976, "disgusted_f1": 0.12121212121212122, "embarrassed_precision": 0.32608695652173914, "embarrassed_recall": 0.14423076923076922, "embarrassed_f1": 0.2, "angry_precision": 0.07017543859649122, "angry_recall": 0.034782608695652174, "angry_f1": 0.046511627906976744, "content_precision": 0.14903846153846154, "content_recall": 0.15346534653465346, "content_f1": 0.15121951219512195, "ashamed_precision": 0.0967741935483871, "ashamed_recall": 0.06976744186046512, "ashamed_f1": 0.08108108108108109, "anticipating_precision": 0.06896551724137931, "anticipating_recall": 0.043478260869565216, "anticipating_f1": 0.05333333333333334, "anxious_precision": 0.08695652173913043, "anxious_recall": 0.0784313725490196, "anxious_f1": 0.08247422680412371}, "empintent": {"agreeing_precision": 0.19746376811594202, "agreeing_recall": 0.2698019801980198, "agreeing_f1": 0.2280334728033473, "acknowledging_precision": 0.2874493927125506, "acknowledging_recall": 0.37927350427350426, "acknowledging_f1": 0.327038231229848, "encouraging_precision": 0.09375, "encouraging_recall": 0.02586206896551724, "encouraging_f1": 0.04054054054054054, "consoling_precision": 0.16666666666666666, "consoling_recall": 0.02531645569620253, "consoling_f1": 0.04395604395604396, "sympathizing_precision": 0.20954907161803712, "sympathizing_recall": 0.395, "sympathizing_f1": 0.2738301559792028, "suggesting_precision": 0.1111111111111111, "suggesting_recall": 0.029411764705882353, "suggesting_f1": 0.046511627906976744, "questioning_precision": 0.5144429160935351, "questioning_recall": 0.47281921618204803, "questioning_f1": 0.4927536231884058, "wishing_precision": 0.0, "wishing_recall": 0.0, "wishing_f1": 0.0, "neutral_precision": 0.48026315789473684, "neutral_recall": 0.44108761329305135, "neutral_f1": 0.45984251968503936}}