{"emotion": {"proud_precision": 0.17412935323383086, "proud_recall": 0.17326732673267325, "proud_f1": 0.17369727047146402, "apprehensive_precision": 0.02608695652173913, "apprehensive_recall": 0.031914893617021274, "apprehensive_f1": 0.028708133971291867, "disappointed_precision": 0.08125, "disappointed_recall": 0.10833333333333334, "disappointed_f1": 0.09285714285714286, "faithful_precision": 0.10909090909090909, "faithful_recall": 0.057692307692307696, "faithful_f1": 0.07547169811320754, "impressed_precision": 0.18518518518518517, "impressed_recall": 0.10714285714285714, "impressed_f1": 0.13574660633484162, "devastated_precision": 0.11290322580645161, "devastated_recall": 0.1206896551724138, "devastated_f1": 0.11666666666666667, "prepared_precision": 0.1702127659574468, "prepared_recall": 0.0761904761904762, "prepared_f1": 0.10526315789473684, "nostalgic_precision": 0.3162393162393162, "nostalgic_recall": 0.20903954802259886, "nostalgic_f1": 0.25170068027210885, "annoyed_precision": 0.2465753424657534, "annoyed_recall": 0.08411214953271028, "annoyed_f1": 0.1254355400696864, "grateful_precision": 0.1643835616438356, "grateful_recall": 0.1722488038277512, "grateful_f1": 0.16822429906542055, "joyful_precision": 0.09655172413793103, "joyful_recall": 0.09929078014184398, "joyful_f1": 0.0979020979020979, "terrified_precision": 0.25961538461538464, "terrified_recall": 0.34177215189873417, "terrified_f1": 0.29508196721311475, "caring_precision": 0.23383084577114427, "caring_recall": 0.2079646017699115, "caring_f1": 0.22014051522248243, "trusting_precision": 0.12355212355212356, "trusting_recall": 0.128, "trusting_f1": 0.12573673870333987, "sad_precision": 0.18980169971671387, "sad_recall": 0.26587301587301587, "sad_f1": 0.22148760330578512, "guilty_precision": 0.07692307692307693, "guilty_recall": 0.10810810810810811, "guilty_f1": 0.0898876404494382, "sentimental_precision": 0.22, "sentimental_recall": 0.08029197080291971, "sentimental_f1": 0.11764705882352941, "hopeful_precision": 0.11875, "hopeful_recall": 0.26855123674911663, "hopeful_f1": 0.1646803900325027, "confident_precision": 0.10421836228287841, "confident_recall": 0.25925925925925924, "confident_f1": 0.1486725663716814, "surprised_precision": 0.17, "surprised_recall": 0.09418282548476455, "surprised_f1": 0.12121212121212122, "furious_precision": 0.06, "furious_recall": 0.04285714285714286, "furious_f1": 0.05, "afraid_precision": 0.13157894736842105, "afraid_recall": 0.11278195488721804, "afraid_f1": 0.1214574898785425, "jealous_precision": 0.21739130434782608, "jealous_recall": 0.10752688172043011, "jealous_f1": 0.14388489208633093, "excited_precision": 0.1906474820143885, "excited_recall": 0.2398190045248869, "excited_f1": 0.2124248496993988, "lonely_precision": 0.08882521489971347, "lonely_recall": 0.11151079136690648, "lonely_f1": 0.09888357256778309, "disgusted_precision": 0.21649484536082475, "disgusted_recall": 0.12280701754385964, "disgusted_f1": 0.15671641791044777, "embarrassed_precision": 0.19387755102040816, "embarrassed_recall": 0.18269230769230768, "embarrassed_f1": 0.18811881188118812, "angry_precision": 0.07954545454545454, "angry_recall": 0.06086956521739131, "angry_f1": 0.06896551724137931, "content_precision": 0.10365853658536585, "content_recall": 0.08415841584158416, "content_f1": 0.09289617486338798, "ashamed_precision": 0.03333333333333333, "ashamed_recall": 0.046511627906976744, "ashamed_f1": 0.038834951456310676, "anticipating_precision": 0.21428571428571427, "anticipating_recall": 0.06521739130434782, "anticipating_f1": 0.1, "anxious_precision": 0.043478260869565216, "anxious_recall": 0.029411764705882353, "anxious_f1": 0.03508771929824561}, "empintent": {"agreeing_precision": 0.19795221843003413, "agreeing_recall": 0.2871287128712871, "agreeing_f1": 0.23434343434343435, "acknowledging_precision": 0.30339805825242716, "acknowledging_recall": 0.40064102564102566, "acknowledging_f1": 0.3453038674033149, "encouraging_precision": 0.0967741935483871, "encouraging_recall": 0.20689655172413793, "encouraging_f1": 0.13186813186813187, "consoling_precision": 0.10828025477707007, "consoling_recall": 0.21518987341772153, "consoling_f1": 0.1440677966101695, "sympathizing_precision": 0.1553956834532374, "sympathizing_recall": 0.54, "sympathizing_f1": 0.24134078212290502, "suggesting_precision": 0.0, "suggesting_recall": 0.0, "suggesting_f1": 0.0, "questioning_precision": 0.603494623655914, "questioning_recall": 0.2838179519595449, "questioning_f1": 0.3860705073086844, "wishing_precision": 0.2, "wishing_recall": 0.02247191011235955, "wishing_f1": 0.04040404040404041, "neutral_precision": 0.4845434938892883, "neutral_recall": 0.40725075528700905, "neutral_f1": 0.4425476034143139}}