{
    "emotion": {
        "proud_precision": 0.18214285714285713,
        "proud_recall": 0.2524752475247525,
        "proud_f1": 0.21161825726141079,
        "apprehensive_precision": 0.07075471698113207,
        "apprehensive_recall": 0.1595744680851064,
        "apprehensive_f1": 0.09803921568627451,
        "disappointed_precision": 0.1506849315068493,
        "disappointed_recall": 0.09166666666666666,
        "disappointed_f1": 0.11398963730569948,
        "faithful_precision": 0.14473684210526316,
        "faithful_recall": 0.10576923076923077,
        "faithful_f1": 0.12222222222222222,
        "impressed_precision": 0.11504424778761062,
        "impressed_recall": 0.09285714285714286,
        "impressed_f1": 0.10276679841897234,
        "devastated_precision": 0.05652173913043478,
        "devastated_recall": 0.11206896551724138,
        "devastated_f1": 0.07514450867052024,
        "prepared_precision": 0.1016949152542373,
        "prepared_recall": 0.05714285714285714,
        "prepared_f1": 0.07317073170731707,
        "nostalgic_precision": 0.3282442748091603,
        "nostalgic_recall": 0.24293785310734464,
        "nostalgic_f1": 0.2792207792207792,
        "annoyed_precision": 0.22077922077922077,
        "annoyed_recall": 0.0794392523364486,
        "annoyed_f1": 0.11683848797250859,
        "grateful_precision": 0.09024390243902439,
        "grateful_recall": 0.17703349282296652,
        "grateful_f1": 0.11954765751211632,
        "joyful_precision": 0.08695652173913043,
        "joyful_recall": 0.09929078014184398,
        "joyful_f1": 0.09271523178807947,
        "terrified_precision": 0.3105263157894737,
        "terrified_recall": 0.37341772151898733,
        "terrified_f1": 0.3390804597701149,
        "caring_precision": 0.21768707482993196,
        "caring_recall": 0.1415929203539823,
        "caring_f1": 0.17158176943699732,
        "trusting_precision": 0.13253012048192772,
        "trusting_recall": 0.088,
        "trusting_f1": 0.10576923076923077,
        "sad_precision": 0.13037037037037036,
        "sad_recall": 0.3492063492063492,
        "sad_f1": 0.18985976267529667,
        "guilty_precision": 0.06382978723404255,
        "guilty_recall": 0.08108108108108109,
        "guilty_f1": 0.07142857142857142,
        "sentimental_precision": 0.24,
        "sentimental_recall": 0.08759124087591241,
        "sentimental_f1": 0.12834224598930483,
        "hopeful_precision": 0.1595744680851064,
        "hopeful_recall": 0.15901060070671377,
        "hopeful_f1": 0.1592920353982301,
        "confident_precision": 0.11877394636015326,
        "confident_recall": 0.19135802469135801,
        "confident_f1": 0.14657210401891252,
        "surprised_precision": 0.16216216216216217,
        "surprised_recall": 0.08310249307479224,
        "surprised_f1": 0.10989010989010989,
        "furious_precision": 0.034482758620689655,
        "furious_recall": 0.014285714285714285,
        "furious_f1": 0.020202020202020204,
        "afraid_precision": 0.09868421052631579,
        "afraid_recall": 0.11278195488721804,
        "afraid_f1": 0.10526315789473684,
        "jealous_precision": 0.19444444444444445,
        "jealous_recall": 0.15053763440860216,
        "jealous_f1": 0.1696969696969697,
        "excited_precision": 0.24313725490196078,
        "excited_recall": 0.28054298642533937,
        "excited_f1": 0.2605042016806723,
        "lonely_precision": 0.15873015873015872,
        "lonely_recall": 0.1079136690647482,
        "lonely_f1": 0.1284796573875803,
        "disgusted_precision": 0.24719101123595505,
        "disgusted_recall": 0.1286549707602339,
        "disgusted_f1": 0.16923076923076924,
        "embarrassed_precision": 0.1625,
        "embarrassed_recall": 0.125,
        "embarrassed_f1": 0.14130434782608695,
        "angry_precision": 0.14754098360655737,
        "angry_recall": 0.0782608695652174,
        "angry_f1": 0.10227272727272728,
        "content_precision": 0.13245033112582782,
        "content_recall": 0.09900990099009901,
        "content_f1": 0.11331444759206799,
        "ashamed_precision": 0.0,
        "ashamed_recall": 0.0,
        "ashamed_f1": 0.0,
        "anticipating_precision": 0.09090909090909091,
        "anticipating_recall": 0.05434782608695652,
        "anticipating_f1": 0.06802721088435375,
        "anxious_precision": 0.11504424778761062,
        "anxious_recall": 0.12745098039215685,
        "anxious_f1": 0.12093023255813953
    },
    "empintent": {
        "agreeing_precision": 0.14657210401891252,
        "agreeing_recall": 0.15346534653465346,
        "agreeing_f1": 0.14993954050785974,
        "acknowledging_precision": 0.27680798004987534,
        "acknowledging_recall": 0.23717948717948717,
        "acknowledging_f1": 0.2554660529344074,
        "encouraging_precision": 0.13095238095238096,
        "encouraging_recall": 0.09482758620689655,
        "encouraging_f1": 0.11,
        "consoling_precision": 0.07692307692307693,
        "consoling_recall": 0.0189873417721519,
        "consoling_f1": 0.030456852791878174,
        "sympathizing_precision": 0.12016806722689076,
        "sympathizing_recall": 0.715,
        "sympathizing_f1": 0.20575539568345325,
        "suggesting_precision": 0.13333333333333333,
        "suggesting_recall": 0.0196078431372549,
        "suggesting_f1": 0.03418803418803419,
        "questioning_precision": 0.21875,
        "questioning_recall": 0.01327433628318584,
        "questioning_f1": 0.025029797377830752,
        "wishing_precision": 0.125,
        "wishing_recall": 0.0449438202247191,
        "wishing_f1": 0.06611570247933884,
        "neutral_precision": 0.35689183912534167,
        "neutral_recall": 0.5522658610271903,
        "neutral_f1": 0.4335863377609108
    }
}