{
    "emotion": {
        "proud_precision": 0.19865319865319866,
        "proud_recall": 0.29207920792079206,
        "proud_f1": 0.23647294589178355,
        "apprehensive_precision": 0.08441558441558442,
        "apprehensive_recall": 0.13829787234042554,
        "apprehensive_f1": 0.10483870967741936,
        "disappointed_precision": 0.18032786885245902,
        "disappointed_recall": 0.09166666666666666,
        "disappointed_f1": 0.12154696132596685,
        "faithful_precision": 0.1896551724137931,
        "faithful_recall": 0.10576923076923077,
        "faithful_f1": 0.13580246913580246,
        "impressed_precision": 0.13846153846153847,
        "impressed_recall": 0.12857142857142856,
        "impressed_f1": 0.13333333333333333,
        "devastated_precision": 0.05142857142857143,
        "devastated_recall": 0.07758620689655173,
        "devastated_f1": 0.061855670103092786,
        "prepared_precision": 0.14285714285714285,
        "prepared_recall": 0.11428571428571428,
        "prepared_f1": 0.12698412698412698,
        "nostalgic_precision": 0.4097222222222222,
        "nostalgic_recall": 0.3333333333333333,
        "nostalgic_f1": 0.367601246105919,
        "annoyed_precision": 0.21739130434782608,
        "annoyed_recall": 0.07009345794392523,
        "annoyed_f1": 0.10600706713780919,
        "grateful_precision": 0.10951526032315978,
        "grateful_recall": 0.291866028708134,
        "grateful_f1": 0.15926892950391644,
        "joyful_precision": 0.10588235294117647,
        "joyful_recall": 0.1276595744680851,
        "joyful_f1": 0.1157556270096463,
        "terrified_precision": 0.3503184713375796,
        "terrified_recall": 0.34810126582278483,
        "terrified_f1": 0.3492063492063492,
        "caring_precision": 0.28703703703703703,
        "caring_recall": 0.13716814159292035,
        "caring_f1": 0.18562874251497005,
        "trusting_precision": 0.12244897959183673,
        "trusting_recall": 0.072,
        "trusting_f1": 0.0906801007556675,
        "sad_precision": 0.11609195402298851,
        "sad_recall": 0.4007936507936508,
        "sad_f1": 0.1800356506238859,
        "guilty_precision": 0.07865168539325842,
        "guilty_recall": 0.0945945945945946,
        "guilty_f1": 0.08588957055214724,
        "sentimental_precision": 0.2641509433962264,
        "sentimental_recall": 0.10218978102189781,
        "sentimental_f1": 0.14736842105263157,
        "hopeful_precision": 0.168,
        "hopeful_recall": 0.14840989399293286,
        "hopeful_f1": 0.1575984990619137,
        "confident_precision": 0.15566037735849056,
        "confident_recall": 0.2037037037037037,
        "confident_f1": 0.17647058823529413,
        "surprised_precision": 0.2037914691943128,
        "surprised_recall": 0.11911357340720222,
        "surprised_f1": 0.15034965034965034,
        "furious_precision": 0.08333333333333333,
        "furious_recall": 0.04285714285714286,
        "furious_f1": 0.05660377358490566,
        "afraid_precision": 0.0915032679738562,
        "afraid_recall": 0.10526315789473684,
        "afraid_f1": 0.0979020979020979,
        "jealous_precision": 0.25,
        "jealous_recall": 0.16129032258064516,
        "jealous_f1": 0.19607843137254902,
        "excited_precision": 0.2571428571428571,
        "excited_recall": 0.24434389140271492,
        "excited_f1": 0.2505800464037123,
        "lonely_precision": 0.13846153846153847,
        "lonely_recall": 0.09712230215827339,
        "lonely_f1": 0.11416490486257928,
        "disgusted_precision": 0.32926829268292684,
        "disgusted_recall": 0.15789473684210525,
        "disgusted_f1": 0.2134387351778656,
        "embarrassed_precision": 0.13636363636363635,
        "embarrassed_recall": 0.08653846153846154,
        "embarrassed_f1": 0.10588235294117647,
        "angry_precision": 0.109375,
        "angry_recall": 0.06086956521739131,
        "angry_f1": 0.0782122905027933,
        "content_precision": 0.19327731092436976,
        "content_recall": 0.11386138613861387,
        "content_f1": 0.14330218068535824,
        "ashamed_precision": 0.046511627906976744,
        "ashamed_recall": 0.046511627906976744,
        "ashamed_f1": 0.046511627906976744,
        "anticipating_precision": 0.12121212121212122,
        "anticipating_recall": 0.08695652173913043,
        "anticipating_f1": 0.10126582278481013,
        "anxious_precision": 0.09782608695652174,
        "anxious_recall": 0.08823529411764706,
        "anxious_f1": 0.09278350515463918
    }
}